City ID,City,Country,Date,Lat,Lng,Max Temp,Humidity,Cloudiness,Wind Speed
0,Cockburn Town,TC,2021-10-08 10:08:26,21.4612,-71.1419,82.04,76,10,14.16
1,Esperance,AU,2021-10-08 10:08:27,-33.8667,121.9,57.4,66,56,15.28
2,Vaini,TO,2021-10-08 10:08:27,-21.2,-175.2,75.36,94,75,2.3
3,San Luis,AR,2021-10-08 10:08:27,-33.295,-66.3356,60.49,50,100,5.41
4,Tasiilaq,GL,2021-10-08 10:08:28,65.6145,-37.6368,33.96,50,1,7.0
5,Ironton,US,2021-10-08 10:08:28,38.5368,-82.6829,65.43,98,90,0.0
6,Lichuan,CN,2021-10-08 10:08:29,30.3,108.85,60.85,80,46,4.38
7,Punta Arenas,CL,2021-10-08 10:05:32,-53.15,-70.9167,46.51,66,0,26.46
8,Bluff,NZ,2021-10-08 10:08:29,-46.6,168.3333,50.81,94,81,14.81
9,Port Elizabeth,ZA,2021-10-08 10:08:30,-33.918,25.5701,74.1,60,0,20.71
10,Kota,IN,2021-10-08 10:08:30,25.1833,75.8333,94.37,31,3,2.91
11,Khatanga,RU,2021-10-08 10:08:31,71.9667,102.5,20.79,97,100,2.55
12,Port Hardy,CA,2021-10-08 10:08:32,50.6996,-127.4199,46.2,89,100,19.84
13,Mataura,NZ,2021-10-08 10:08:32,-46.1927,168.8643,50.49,99,98,1.99
14,Sao Joao Da Barra,BR,2021-10-08 10:06:22,-21.6403,-41.0511,68.09,78,100,10.89
15,Marfino,RU,2021-10-08 10:08:33,55.7028,37.3822,54.95,50,0,4.47
16,San Cristobal,VE,2021-10-08 10:08:33,7.7669,-72.225,68.18,93,95,1.48
17,Busselton,AU,2021-10-08 10:04:06,-33.65,115.3333,57.09,70,38,11.39
18,Rikitea,PF,2021-10-08 10:08:30,-23.1203,-134.9692,73.38,77,0,11.14
19,Bethel,US,2021-10-08 10:08:34,41.3712,-73.414,58.93,94,90,0.0
20,Auki,SB,2021-10-08 10:08:34,-8.7676,160.7034,78.51,88,100,5.3
21,Ballater,GB,2021-10-08 10:08:35,57.0493,-3.0402,61.02,97,100,5.19
22,Arraial Do Cabo,BR,2021-10-08 10:08:35,-22.9661,-42.0278,69.66,68,75,2.3
23,Butaritari,KI,2021-10-08 10:08:35,3.0707,172.7902,82.54,72,46,14.16
24,Atuona,PF,2021-10-08 10:08:36,-9.8,-139.0333,77.54,71,15,15.43
25,Avarua,CK,2021-10-08 10:08:36,-21.2078,-159.775,71.65,78,35,4.61
26,Geraldton,AU,2021-10-08 10:08:37,-28.7667,114.6,64.81,59,19,21.85
27,East London,ZA,2021-10-08 10:08:37,-33.0153,27.9116,72.0,64,17,14.61
28,Talnakh,RU,2021-10-08 10:08:38,69.4865,88.3972,32.79,94,100,5.7
29,Freeport,US,2021-10-08 10:08:38,40.6576,-73.5832,64.36,91,75,0.0
30,Kentau,KZ,2021-10-08 10:08:38,43.5206,68.5094,62.08,23,80,5.28
31,Ketchikan,US,2021-10-08 10:06:22,55.3422,-131.6461,46.87,93,90,16.11
32,Berlevag,NO,2021-10-08 10:08:39,70.8578,29.0864,39.2,70,75,14.97
33,Klyuchi,RU,2021-10-08 10:08:39,52.2667,79.1667,51.46,51,77,11.83
34,Pevek,RU,2021-10-08 10:08:40,69.7008,170.3133,23.41,86,96,5.82
35,Victoria,HK,2021-10-08 10:07:26,22.2855,114.1577,80.58,96,100,1.01
36,Chokurdakh,RU,2021-10-08 10:08:40,70.6333,147.9167,11.19,86,100,6.71
37,Davila,PH,2021-10-08 10:08:41,18.4726,120.5763,82.2,78,98,3.33
38,Tual,ID,2021-10-08 10:08:41,-5.6667,132.75,82.4,74,75,11.72
39,Albany,US,2021-10-08 10:08:13,42.6001,-73.9662,57.31,95,4,2.48
40,Hilo,US,2021-10-08 10:05:30,19.7297,-155.09,72.28,94,90,5.75
41,Cape Town,ZA,2021-10-08 10:08:42,-33.9258,18.4232,69.12,41,100,13.38
42,Blackfoot,US,2021-10-08 10:08:42,43.1905,-112.345,52.61,87,99,3.0
43,Scarborough,GB,2021-10-08 10:08:43,54.2797,-0.4044,66.07,83,100,1.99
44,Faanui,PF,2021-10-08 10:08:43,-16.4833,-151.75,78.03,74,18,7.43
45,Khash,IR,2021-10-08 10:08:44,28.2211,61.2158,89.49,7,0,12.3
46,Erzin,TR,2021-10-08 10:08:44,36.9559,36.2,91.92,16,0,4.07
47,Cagdianao,PH,2021-10-08 10:08:45,9.9211,125.6692,78.31,88,100,26.42
48,Stykkisholmur,IS,2021-10-08 10:08:45,65.0757,-22.7297,47.23,84,100,20.22
49,Oranjemund,NA,2021-10-08 10:08:45,-28.55,16.4333,62.73,61,33,8.57
50,Chapadinha,BR,2021-10-08 10:08:46,-3.7417,-43.3603,78.51,78,80,6.02
51,Karema,TZ,2021-10-08 10:08:46,-6.8205,30.4389,87.46,43,43,11.74
52,Alofi,NU,2021-10-08 10:08:47,-19.0595,-169.9187,77.34,82,12,9.69
53,Uruzgan,AF,2021-10-08 10:08:47,32.8333,66.0,81.01,10,0,11.07
54,Ramhormoz,IR,2021-10-08 10:08:47,31.28,49.6035,100.2,5,0,11.81
55,Hermanus,ZA,2021-10-08 10:08:48,-34.4187,19.2345,72.81,58,5,16.96
56,Carnarvon,AU,2021-10-08 10:08:48,-24.8667,113.6333,69.87,73,0,24.16
57,Clyde River,CA,2021-10-08 10:05:54,70.4692,-68.5914,27.25,81,9,5.57
58,Bara,NG,2021-10-08 10:08:49,10.3744,10.7288,89.06,51,74,2.28
59,Naze,JP,2021-10-08 10:08:49,28.3667,129.4833,77.99,65,67,17.18
60,Pecos,US,2021-10-08 10:08:50,31.4229,-103.4932,72.3,45,1,5.75
61,Neiafu,TO,2021-10-08 10:08:50,-18.65,-173.9833,78.4,83,5,10.29
62,Jamestown,US,2021-10-08 10:05:58,42.097,-79.2353,65.52,98,90,1.99
63,Aguimes,ES,2021-10-08 10:08:51,27.9054,-15.4461,72.66,65,40,21.85
64,Saldanha,ZA,2021-10-08 10:08:51,-33.0117,17.9442,63.16,69,99,15.08
65,Sao Borja,BR,2021-10-08 10:07:17,-28.6606,-56.0044,57.94,84,96,8.41
66,Zaraza,VE,2021-10-08 10:08:52,9.3503,-65.3245,72.3,96,69,2.62
67,Cherskiy,RU,2021-10-08 10:08:53,68.75,161.3,-0.98,100,43,2.68
68,Deputatskiy,RU,2021-10-08 10:08:53,69.3,139.9,19.62,90,100,3.71
69,Port Lincoln,AU,2021-10-08 10:08:54,-34.7333,135.8667,58.37,61,89,6.15
70,Ushuaia,AR,2021-10-08 10:08:54,-54.8,-68.3,47.86,46,75,13.8
71,Airai,TL,2021-10-08 10:08:55,-8.9266,125.4092,63.37,80,9,1.21
72,Kruisfontein,ZA,2021-10-08 10:08:55,-34.0033,24.7314,71.89,30,0,13.89
73,Longyearbyen,SJ,2021-10-08 10:08:56,78.2186,15.6401,17.44,73,20,9.22
74,Talara,PE,2021-10-08 10:08:56,-4.5772,-81.2719,65.28,84,62,16.49
75,Kavieng,PG,2021-10-08 10:08:56,-2.5744,150.7967,82.45,74,100,4.16
76,Husavik,IS,2021-10-08 10:08:57,66.0449,-17.3389,44.76,84,60,13.11
77,Sakakah,SA,2021-10-08 10:08:57,29.9697,40.2064,94.55,13,0,14.85
78,Rio Do Sul,BR,2021-10-08 10:08:58,-27.2142,-49.6431,59.4,92,100,1.5
79,Kulhudhuffushi,MV,2021-10-08 10:08:58,6.6221,73.07,82.51,79,81,15.23
80,Hobart,AU,2021-10-08 10:08:59,-42.8794,147.3294,57.25,58,75,1.99
81,Codrington,AU,2021-10-08 10:08:59,-38.2667,141.9667,52.21,61,63,6.87
82,Rocha,UY,2021-10-08 10:09:00,-34.4833,-54.3333,42.64,84,0,0.78
83,Broome,US,2021-10-08 10:09:00,42.2506,-75.833,60.06,81,90,0.0
84,Araouane,ML,2021-10-08 10:09:01,18.9048,-3.5265,97.12,9,1,13.42
85,Tura,IN,2021-10-08 10:09:01,25.5198,90.2201,83.48,74,48,2.8
86,Tavda,RU,2021-10-08 10:09:02,58.0425,65.2726,54.46,43,2,10.74
87,Ust-Koksa,RU,2021-10-08 10:09:03,50.2696,85.6108,37.18,70,93,2.71
88,Baglung,NP,2021-10-08 10:09:03,28.2719,83.5898,76.24,76,55,4.23
89,Lockport,US,2021-10-08 10:09:03,41.5895,-88.0578,64.83,97,90,0.0
90,Aklavik,CA,2021-10-08 10:09:04,68.2191,-135.0107,29.17,89,100,0.92
91,Nelipyno,UA,2021-10-08 10:09:04,48.561,23.0315,60.69,31,2,3.98
92,Kendari,ID,2021-10-08 10:09:05,-3.945,122.4989,75.06,92,90,2.42
93,Joetsu,JP,2021-10-08 10:09:05,37.1483,138.2364,70.39,89,48,5.39
94,Touros,BR,2021-10-08 10:09:06,-5.1989,-35.4608,81.5,76,100,12.75
95,Waipawa,NZ,2021-10-08 10:09:07,-41.4122,175.5153,55.02,75,3,14.14
96,Beni Mazar,EG,2021-10-08 10:09:07,28.4962,30.8029,86.25,30,0,14.27
97,Asau,RO,2021-10-08 10:09:07,46.4333,26.4,52.75,43,97,10.16
98,Klaksvik,FO,2021-10-08 10:06:14,62.2266,-6.589,52.72,92,64,15.77
99,Bredasdorp,ZA,2021-10-08 10:09:08,-34.5322,20.0403,72.28,33,0,12.37
100,Traralgon,AU,2021-10-08 10:09:08,-38.1833,146.5333,56.84,78,97,2.06
101,Guanay,BO,2021-10-08 10:09:09,-15.4975,-67.8797,68.74,99,74,2.01
102,Ambilobe,MG,2021-10-08 10:09:09,-13.2,49.05,86.83,41,98,7.23
103,Orlik,RU,2021-10-08 10:09:10,52.5178,99.825,30.74,59,98,3.94
104,Gadwal,IN,2021-10-08 10:09:10,16.2333,77.8,89.4,56,79,5.7
105,Mar Del Plata,AR,2021-10-08 10:09:11,-38.0023,-57.5575,48.13,68,0,11.99
106,Pringsewu,ID,2021-10-08 10:09:11,-5.3582,104.9744,81.05,72,79,9.24
107,Upernavik,GL,2021-10-08 10:09:12,72.7868,-56.1549,23.92,46,83,4.34
108,Port Alfred,ZA,2021-10-08 10:09:12,-33.5906,26.891,72.57,56,35,15.3
109,Ust-Ilimsk,RU,2021-10-08 10:09:13,58.0006,102.6619,33.93,97,100,8.37
110,Road Town,VG,2021-10-08 10:08:46,18.4167,-64.6167,82.2,74,55,17.13
111,Vila,PT,2021-10-08 10:09:13,42.0304,-8.1588,64.33,47,7,1.48
112,Taoudenni,ML,2021-10-08 10:09:14,22.6783,-3.9836,100.31,7,8,9.1
113,Tahoua,NE,2021-10-08 10:09:14,14.8888,5.2692,94.82,18,28,3.6
114,Arequipa,PE,2021-10-08 10:09:03,-16.3989,-71.535,56.75,54,95,0.27
115,Pisco,PE,2021-10-08 10:05:17,-13.7,-76.2167,60.85,88,70,9.22
116,Barra Do Garcas,BR,2021-10-08 10:09:15,-15.89,-52.2567,76.39,68,95,2.39
117,Avera,US,2021-10-08 10:09:15,33.194,-82.5271,71.71,98,97,4.61
118,Rolla,US,2021-10-08 10:09:16,37.9514,-91.7713,59.07,95,1,4.61
119,Nyurba,RU,2021-10-08 10:09:16,63.2842,118.3319,29.66,78,80,4.36
120,High Level,CA,2021-10-08 10:08:54,58.5169,-117.136,32.5,89,59,4.32
121,Invermere,CA,2021-10-08 10:09:17,50.5167,-116.0354,34.25,77,16,0.81
122,Agropoli,IT,2021-10-08 10:09:17,40.3469,14.9966,71.1,55,72,3.09
123,Forest,US,2021-10-08 10:09:18,37.3638,-79.2897,66.25,94,90,3.44
124,New Norfolk,AU,2021-10-08 10:09:18,-42.7826,147.0587,56.91,49,99,3.0
125,Fortuna,US,2021-10-08 10:09:18,40.5982,-124.1573,52.66,55,38,2.13
126,Sorland,NO,2021-10-08 10:09:19,67.667,12.6934,41.07,86,100,19.51
127,Porto Velho,BR,2021-10-08 10:09:19,-8.7619,-63.9039,75.25,94,75,1.14
128,Lata,PT,2021-10-08 10:09:20,40.1629,-8.3327,77.49,44,0,2.15
129,Kahului,US,2021-10-08 10:04:33,20.8947,-156.47,74.84,89,90,17.27
130,Bengkulu,ID,2021-10-08 10:09:20,-3.8004,102.2655,81.86,75,41,12.77
131,Thompson,CA,2021-10-08 10:09:21,55.7435,-97.8558,39.51,68,100,3.78
132,Coaticook,CA,2021-10-08 10:04:40,45.1334,-71.7991,50.81,94,8,1.74
133,Kapaa,US,2021-10-08 10:09:21,22.0752,-159.319,77.32,75,90,3.0
134,Saint-Philippe,RE,2021-10-08 10:09:22,-21.3585,55.7679,78.35,76,44,11.54
135,Smoky Lake,CA,2021-10-08 10:09:22,54.1169,-112.4686,36.41,59,3,4.18
136,Bathsheba,BB,2021-10-08 10:09:22,13.2167,-59.5167,83.01,78,40,21.85
137,Acapulco,MX,2021-10-08 10:09:23,16.8634,-99.8901,79.56,85,97,3.33
138,Klyuchevskiy,RU,2021-10-08 10:09:23,53.5317,119.4519,32.5,66,74,4.36
139,Esna,EG,2021-10-08 10:09:24,25.2934,32.554,93.33,15,0,11.07
140,Ariquemes,BR,2021-10-08 10:09:24,-9.9133,-63.0408,73.71,96,100,1.34
141,Naryan-Mar,RU,2021-10-08 10:09:25,67.6713,53.087,41.81,63,98,21.94
142,Banjar,ID,2021-10-08 10:09:25,-8.19,114.9675,80.46,81,71,5.17
143,Severo-Kurilsk,RU,2021-10-08 10:09:26,50.6789,156.125,43.84,87,78,8.03
144,Lardos,GR,2021-10-08 10:09:26,36.0942,28.0157,75.02,50,0,5.7
145,Solnechnyy,RU,2021-10-08 10:09:26,50.7214,136.6319,41.34,46,0,8.32
146,Qaanaaq,GL,2021-10-08 10:09:27,77.484,-69.3632,22.01,66,80,6.87
147,Hualmay,PE,2021-10-08 10:09:27,-11.0964,-77.6139,61.59,91,95,11.03
148,Port Blair,IN,2021-10-08 10:09:27,11.6667,92.75,78.24,90,100,17.52
149,Callaway,US,2021-10-08 10:09:28,30.153,-85.5699,73.99,97,90,3.0
150,The Valley,AI,2021-10-08 10:08:03,18.217,-63.0578,83.1,72,62,19.28
151,Juba,SS,2021-10-08 10:09:28,4.8517,31.5825,79.21,68,98,0.67
152,Ucar,AZ,2021-10-08 10:09:29,40.519,47.6542,58.05,61,97,2.28
153,Yellowknife,CA,2021-10-08 10:06:08,62.456,-114.3525,32.29,100,48,4.0
154,Sitka,US,2021-10-08 10:09:29,57.0531,-135.33,48.09,87,90,5.75
155,Qobustan,AZ,2021-10-08 10:09:30,40.0824,49.412,60.91,49,100,11.95
156,Mazagao,BR,2021-10-08 10:09:30,-0.115,-51.2894,82.45,94,49,4.14
157,Murighiol,RO,2021-10-08 10:09:31,45.0333,29.1667,54.45,52,100,17.83
158,Vila Franca Do Campo,PT,2021-10-08 10:09:31,37.7167,-25.4333,70.21,77,1,4.81
159,Lorengau,PG,2021-10-08 10:09:31,-2.0226,147.2712,81.79,75,86,9.4
160,Barrow,US,2021-10-08 10:09:32,71.2906,-156.7887,30.22,86,90,13.8
161,Gander,CA,2021-10-08 10:09:32,48.9682,-54.5906,39.16,93,85,5.99
162,Beregovoy,RU,2021-10-08 10:09:33,55.173,73.2198,57.25,38,1,12.64
163,Salinopolis,BR,2021-10-08 10:09:33,-0.6136,-47.3561,81.07,79,59,8.97
164,Ronneby,SE,2021-10-08 10:09:34,56.21,15.276,52.3,93,0,4.61
165,Ancud,CL,2021-10-08 10:09:34,-41.8697,-73.8203,41.43,91,1,3.65
166,Burnie,AU,2021-10-08 10:09:34,-41.0667,145.9167,50.94,85,98,5.59
167,Bambous Virieux,MU,2021-10-08 10:09:35,-20.3428,57.7575,76.21,68,41,12.28
168,Changtu,CN,2021-10-08 10:09:35,42.7788,124.0955,57.34,53,2,6.33
169,Iqaluit,CA,2021-10-08 10:09:36,63.7506,-68.5145,31.69,79,8,11.99
170,Komsomolskiy,UZ,2021-10-08 10:09:36,40.4272,71.7189,71.02,42,0,4.61
171,Inhambane,MZ,2021-10-08 10:09:37,-23.865,35.3833,76.59,51,58,12.41
172,Gat,IL,2021-10-08 10:05:10,31.61,34.7642,91.9,31,0,12.24
173,Saskylakh,RU,2021-10-08 10:09:38,71.9167,114.0833,19.71,95,100,14.56
174,Turukhansk,RU,2021-10-08 10:09:38,65.8167,87.9833,39.79,97,100,12.8
175,Kota Belud,MY,2021-10-08 10:09:39,6.351,116.4305,80.46,84,76,6.38
176,Rancho Palos Verdes,US,2021-10-08 10:09:39,33.7445,-118.387,65.93,89,100,3.0
177,Sioux Lookout,CA,2021-10-08 10:09:40,50.1001,-91.917,59.59,81,100,6.35
178,Nikolskoye,RU,2021-10-08 10:09:40,59.7035,30.7861,57.4,57,100,7.61
179,Kati,ML,2021-10-08 10:09:40,12.7441,-8.0726,85.41,50,48,3.13
180,Namibe,AO,2021-10-08 10:09:41,-15.1961,12.1522,74.91,56,63,10.11
181,Rio Gallegos,AR,2021-10-08 10:09:41,-51.6226,-69.2181,45.95,48,100,12.86
182,Mudanya,TR,2021-10-08 10:07:23,40.3753,28.8822,74.05,44,18,7.14
183,Keetmanshoop,NA,2021-10-08 10:09:42,-26.5833,18.1333,78.69,8,0,5.55
184,Abnub,EG,2021-10-08 10:09:42,27.2696,31.1511,87.06,27,0,13.11
185,Mayo,US,2021-10-08 10:09:43,38.8876,-76.5119,65.95,95,27,0.78
186,Puerto Ayora,EC,2021-10-08 10:09:43,-0.7393,-90.3518,66.54,98,97,8.99
187,Hithadhoo,MV,2021-10-08 10:09:43,-0.6,73.0833,83.46,66,85,9.01
188,Illapel,CL,2021-10-08 10:09:44,-31.6308,-71.1653,51.55,79,94,2.44
189,Cochrane,CA,2021-10-08 10:09:44,51.1834,-114.4687,35.71,45,8,5.14
190,Dongsheng,CN,2021-10-08 10:09:45,39.8161,109.9776,53.98,61,94,12.93
191,Jalingo,NG,2021-10-08 10:09:45,8.8833,11.3667,90.68,57,45,1.19
192,Iskateley,RU,2021-10-08 10:09:46,67.6803,53.1512,41.68,64,98,21.85
193,Kavaratti,IN,2021-10-08 10:09:46,10.5669,72.642,82.74,79,91,16.06
194,De-Kastri,RU,2021-10-08 10:09:46,51.4667,140.7833,40.91,74,11,4.0
195,Marawi,PH,2021-10-08 10:09:47,7.9986,124.2928,71.65,97,100,3.4
196,Castro,BR,2021-10-08 10:07:14,-24.7911,-50.0119,52.56,97,100,6.35
197,Saint-Pierre,RE,2021-10-08 10:09:47,-21.3393,55.4781,78.44,65,75,17.27
198,Bilma,NE,2021-10-08 10:09:48,18.6853,12.9164,93.0,12,10,7.27
199,Cayenne,GF,2021-10-08 10:09:49,4.9333,-52.3333,82.09,83,0,1.99
200,Clearlake,US,2021-10-08 10:09:49,38.9582,-122.6264,48.34,72,100,2.89
201,Tranas,SE,2021-10-08 10:09:49,58.0372,14.9782,57.78,61,86,6.35
202,Khasan,RU,2021-10-08 10:09:50,42.4308,130.6434,57.0,74,1,6.4
203,Kirakira,SB,2021-10-08 10:09:50,-10.4544,161.9205,80.56,85,100,10.31
204,Hare Bay,CA,2021-10-08 10:09:51,48.8499,-54.0148,40.19,90,100,5.66
205,Petatlan,MX,2021-10-08 10:09:51,17.5167,-101.2667,75.45,85,100,3.78
206,Ponta Do Sol,PT,2021-10-08 10:09:52,32.6667,-17.1,78.71,67,60,2.13
207,Pangnirtung,CA,2021-10-08 10:09:52,66.1451,-65.7125,32.18,76,4,2.24
208,Tuktoyaktuk,CA,2021-10-08 10:09:53,69.4541,-133.0374,30.38,86,100,7.52
209,Tabas,IR,2021-10-08 10:09:53,33.5959,56.9244,84.7,14,0,14.34
210,Ilulissat,GL,2021-10-08 10:09:53,69.2167,-51.1,21.22,45,1,3.44
211,Dalby,AU,2021-10-08 10:09:54,-27.1833,151.2667,69.98,40,0,3.0
212,Svetlyy,RU,2021-10-08 10:09:54,54.675,20.1347,51.85,36,65,9.84
213,Sept-Iles,CA,2021-10-08 10:09:55,50.2001,-66.3821,38.05,79,38,1.01
214,Umm Lajj,SA,2021-10-08 10:09:55,25.0213,37.2685,88.43,54,0,22.28
215,San Patricio,US,2021-10-08 10:09:55,28.017,-97.5169,77.85,66,0,4.68
216,Vao,NC,2021-10-08 10:06:16,-22.6667,167.4833,69.82,64,21,17.13
217,Salalah,OM,2021-10-08 10:09:56,17.0151,54.0924,86.09,70,40,12.66
218,Caravelas,BR,2021-10-08 10:09:56,-17.7125,-39.2481,73.89,90,100,8.95
219,Xai-Xai,MZ,2021-10-08 10:09:57,-25.0519,33.6442,84.24,41,70,9.15
220,Fairbanks,US,2021-10-08 10:07:51,64.8378,-147.7164,35.56,97,90,8.05
221,Sao Felix Do Xingu,BR,2021-10-08 10:09:57,-6.6447,-51.995,74.59,72,84,1.79
222,Igurubi,TZ,2021-10-08 10:09:58,-4.0,33.7,91.13,22,1,3.53
223,Huntingdon,GB,2021-10-08 10:09:58,52.3305,-0.1865,62.92,92,67,6.11
224,Japura,ID,2021-10-08 10:09:59,-0.3167,102.35,86.09,67,77,3.67
225,Lebu,CL,2021-10-08 10:09:59,-37.6167,-73.65,50.47,88,17,10.31
226,Kaitangata,NZ,2021-10-08 10:09:59,-46.2817,169.8464,50.22,98,100,4.43
227,Mandalgovi,MN,2021-10-08 10:10:00,45.7625,106.2708,49.23,53,100,6.73
228,Adre,TD,2021-10-08 10:10:01,13.4667,22.2,91.36,24,33,6.49
229,West Richland,US,2021-10-08 10:10:01,46.3043,-119.3614,48.45,75,40,6.91
230,Chapais,CA,2021-10-08 10:10:05,49.7834,-74.8492,42.58,95,9,1.28
231,Hambantota,LK,2021-10-08 10:10:05,6.1241,81.1185,84.38,71,67,21.83
232,Sayyan,YE,2021-10-08 10:10:06,15.1718,44.3244,73.04,34,52,6.55
233,Salekhard,RU,2021-10-08 10:10:06,66.53,66.6019,43.41,83,100,22.48
234,Hinesville,US,2021-10-08 10:10:07,31.8469,-81.5959,73.51,96,100,3.44
235,Haines Junction,CA,2021-10-08 10:10:07,60.7522,-137.5108,29.07,97,20,3.31
236,Papara,BR,2021-10-08 10:10:07,-3.9839,-38.7273,81.72,78,100,4.03
237,Poum,NC,2021-10-08 10:10:08,-20.2333,164.0167,73.18,68,11,10.6
238,Kijang,KR,2021-10-08 10:10:08,35.2442,129.2139,72.68,82,83,11.7
239,Padang,ID,2021-10-08 10:10:09,-0.9492,100.3543,87.85,75,30,4.94
240,Kenora,CA,2021-10-08 10:10:09,49.8167,-94.4337,60.78,87,100,5.99
241,Gorom-Gorom,BF,2021-10-08 10:10:10,14.4439,-0.2361,97.92,13,80,9.95
242,Tokoroa,NZ,2021-10-08 10:10:10,-38.2333,175.8667,53.35,57,5,1.01
243,Lodwar,KE,2021-10-08 10:10:11,3.1191,35.5973,94.78,30,31,12.73
244,Changli,CN,2021-10-08 10:10:11,39.7042,119.1506,58.55,70,74,4.63
245,Soc Trang,VN,2021-10-08 10:10:12,9.6033,105.98,82.36,83,100,10.98
246,Fukue,JP,2021-10-08 10:10:12,32.6881,128.8419,77.4,69,24,7.05
247,Batticaloa,LK,2021-10-08 10:10:12,7.7102,81.6924,87.12,64,93,10.25
248,Brigantine,US,2021-10-08 10:10:13,39.4101,-74.3646,63.01,97,1,0.0
249,Barcelos,PT,2021-10-08 10:08:15,41.5388,-8.6151,74.91,51,5,0.94
250,Narsaq,GL,2021-10-08 10:10:14,60.9167,-46.05,32.94,45,32,6.4
251,Carhuamayo,PE,2021-10-08 10:10:14,-10.9167,-76.0333,38.98,76,95,2.33
252,Roma,US,2021-10-08 10:06:03,43.2128,-75.4557,61.66,95,90,0.0
253,Coihaique,CL,2021-10-08 10:10:15,-45.5752,-72.0662,42.75,87,0,5.75
254,Yumen,CN,2021-10-08 10:10:15,40.2833,97.2,42.91,43,100,36.64
255,Staraya Toropa,RU,2021-10-08 10:10:16,56.2801,31.6702,50.14,44,0,4.47
256,Kiruna,SE,2021-10-08 10:10:16,67.8557,20.2251,32.92,93,90,4.61
257,Torbay,CA,2021-10-08 10:10:17,47.6666,-52.7314,43.57,93,90,0.0
258,Kifri,IQ,2021-10-08 10:10:17,34.6959,44.9661,88.68,10,0,7.61
259,Sirsi,IN,2021-10-08 10:10:18,14.6167,74.85,79.7,77,93,9.28
260,Honningsvag,NO,2021-10-08 10:10:18,70.9821,25.9704,40.75,65,75,8.05
261,Georgetown,MY,2021-10-08 10:10:18,5.4112,100.3354,87.73,79,20,3.44
262,Mecca,SA,2021-10-08 10:06:49,21.4267,39.8261,105.37,15,1,11.74
263,Tres Arroyos,AR,2021-10-08 10:10:19,-38.3739,-60.2798,40.77,77,0,8.34
264,Dalbandin,PK,2021-10-08 10:10:19,28.8947,64.4101,94.35,8,0,10.83
265,Kapuskasing,CA,2021-10-08 10:10:20,49.4169,-82.4331,44.69,100,1,3.44
266,Kloulklubed,PW,2021-10-08 10:10:20,7.0419,134.2556,77.5,79,100,22.21
267,Kathmandu,NP,2021-10-08 10:05:45,27.7167,85.3167,79.02,65,40,10.36
268,Zapolyarnyy,RU,2021-10-08 10:10:21,69.4154,30.8136,38.48,72,62,14.25
269,Saint-Joseph,RE,2021-10-08 10:10:22,-21.3667,55.6167,77.36,75,31,11.77
270,Ahipara,NZ,2021-10-08 10:10:22,-35.1667,173.1667,56.57,92,84,6.53
271,Atar,MR,2021-10-08 10:10:22,20.5169,-13.0499,99.32,7,5,11.83
272,Nueve De Julio,AR,2021-10-08 10:10:23,-35.4444,-60.8831,44.71,68,0,5.88
273,Kazerun,IR,2021-10-08 10:10:23,29.6195,51.6541,96.53,10,0,16.04
274,Beclean,RO,2021-10-08 10:10:24,47.1833,24.1833,52.61,25,100,11.92
275,Asfi,MA,2021-10-08 10:10:24,32.2994,-9.2372,69.89,79,16,1.95
276,Sarkand,KZ,2021-10-08 10:10:25,45.41,79.9186,48.87,35,0,4.76
277,Loralai,PK,2021-10-08 10:10:25,30.3705,68.598,89.47,6,0,10.63
278,Rio Grande,BR,2021-10-08 10:06:50,-32.035,-52.0986,47.95,67,0,7.29
279,Buldana,IN,2021-10-08 10:10:26,20.5333,76.1833,84.02,63,14,5.84
280,Manavalakurichi,IN,2021-10-08 10:10:27,8.1333,77.3,86.09,73,24,14.43
281,Kodiak,US,2021-10-08 10:10:27,57.79,-152.4072,43.48,93,100,19.06
282,Ayan,RU,2021-10-08 10:10:28,56.45,138.1667,41.76,49,74,6.91
283,Saint George,US,2021-10-08 10:10:28,37.1041,-113.5841,69.35,52,90,3.0
284,Lumberton,US,2021-10-08 10:06:18,34.6182,-79.0086,70.95,99,52,5.97
285,Constitucion,CL,2021-10-08 10:10:29,-35.3333,-72.4167,50.83,88,85,9.73
286,Manzil Salim,TN,2021-10-08 10:10:29,35.8567,8.4765,66.38,45,7,17.83
287,Manado,ID,2021-10-08 10:10:30,1.487,124.8455,84.97,79,40,2.3
288,Logstor,DK,2021-10-08 10:10:30,56.9624,9.2583,58.98,78,100,9.82
289,Wajid,SO,2021-10-08 10:10:31,3.8093,43.2471,94.33,28,8,17.4
290,Zhuanghe,CN,2021-10-08 10:10:31,39.7008,122.9911,60.64,87,29,6.13
291,Hay River,CA,2021-10-08 10:10:32,60.8156,-115.7999,36.0,77,91,4.9
292,Puerto Ayacucho,VE,2021-10-08 10:10:32,5.6639,-67.6236,72.82,96,100,2.86
293,Maceio,BR,2021-10-08 10:08:42,-9.6658,-35.7353,80.04,100,40,4.61
294,Nemuro,JP,2021-10-08 10:10:33,43.3236,145.575,54.46,81,0,7.85
295,Omoa,HN,2021-10-08 10:10:33,15.7667,-88.0333,77.02,89,100,4.74
296,Seminole,US,2021-10-08 10:10:34,28.7086,-81.2081,78.01,94,1,5.75
297,Kathu,TH,2021-10-08 10:10:34,7.9178,98.3332,82.69,96,99,20.89
298,Birao,CF,2021-10-08 10:10:35,10.2849,22.7882,91.0,42,50,3.96
299,Beboto,TD,2021-10-08 10:10:35,8.2668,16.939,88.59,58,60,3.0
300,Provideniya,RU,2021-10-08 10:10:36,64.3833,-173.3,34.59,95,100,14.5
301,Cidreira,BR,2021-10-08 10:10:36,-30.1811,-50.2056,61.65,71,34,11.65
302,Chippewa Falls,US,2021-10-08 10:08:38,44.9369,-91.3929,63.99,94,90,3.44
303,Sao Filipe,CV,2021-10-08 10:10:37,14.8961,-24.4956,79.45,76,6,5.79
304,Graham,US,2021-10-08 10:10:37,47.0529,-122.2943,44.46,95,1,0.0
305,Kilindoni,TZ,2021-10-08 10:10:38,-7.9139,39.6668,79.52,71,91,17.6
306,Cuajinicuilapa,MX,2021-10-08 10:10:38,16.4667,-98.4167,75.25,94,100,3.98
307,Alice Springs,AU,2021-10-08 10:10:39,-23.7,133.8833,87.35,25,6,4.61
308,Belmonte,BR,2021-10-08 10:10:39,-15.8631,-38.8828,72.1,79,58,3.71
309,Leh,IN,2021-10-08 10:07:59,34.1667,77.5833,57.6,10,0,5.19
310,Labuhan,ID,2021-10-08 10:10:40,-6.8844,112.2051,85.66,61,41,9.4
311,Nanortalik,GL,2021-10-08 10:10:40,60.1432,-45.2371,38.05,57,32,3.2
312,Kedrovyy,RU,2021-10-08 10:10:41,56.1667,91.8167,37.81,98,100,8.81
313,Limbang,MY,2021-10-08 10:10:41,4.75,115.0,82.51,84,98,2.84
314,Chor,PK,2021-10-08 10:10:41,25.5167,69.7667,100.45,22,48,6.69
315,Matara,LK,2021-10-08 10:10:42,5.9485,80.5353,83.26,75,52,12.03
316,Issoudun,FR,2021-10-08 10:10:43,47.0,1.8333,57.85,72,20,11.5
317,Olinda,BR,2021-10-08 10:10:43,-8.0089,-34.8553,80.33,74,75,10.36
318,Lagoa,PT,2021-10-08 10:10:43,39.05,-27.9833,68.02,66,3,9.22
319,Honiara,SB,2021-10-08 10:10:44,-9.4333,159.95,79.11,89,100,8.23
320,Tocopilla,CL,2021-10-08 10:10:44,-22.092,-70.1979,60.76,74,45,7.83
321,Hasaki,JP,2021-10-08 10:10:45,35.7333,140.8333,73.8,82,20,12.3
322,Cairns,AU,2021-10-08 10:10:45,-16.9167,145.7667,76.1,82,3,4.61
323,Ukiah,US,2021-10-08 10:10:45,39.1502,-123.2078,51.64,86,1,0.0
324,Itamarandiba,BR,2021-10-08 10:10:46,-17.8572,-42.8589,66.87,87,83,5.73
325,Beloha,MG,2021-10-08 10:10:47,-25.1667,45.05,80.28,26,1,16.37
326,Gavle,SE,2021-10-08 10:10:47,60.6745,17.1417,59.5,80,100,7.0
327,Atambua,ID,2021-10-08 10:10:47,-9.1061,124.8925,77.34,76,56,1.61
328,Naples,IT,2021-10-08 10:10:48,40.8333,14.25,68.76,69,40,4.0
329,Banjarmasin,ID,2021-10-08 10:10:48,-3.3244,114.591,78.94,80,95,4.27
330,Opuwo,NA,2021-10-08 10:10:48,-18.0607,13.84,90.52,11,5,4.47
331,Chernyshevskiy,RU,2021-10-08 10:10:49,63.0128,112.4714,32.36,97,100,8.28
332,Mount Gambier,AU,2021-10-08 10:10:49,-37.8333,140.7667,50.67,69,81,5.86
333,Altos Del Rosario,CO,2021-10-08 10:10:50,8.7944,-74.1658,73.8,100,100,2.42
334,Bereda,ES,2021-10-08 10:10:50,43.2686,-7.5406,64.42,50,9,1.57
335,Mahebourg,MU,2021-10-08 10:10:51,-20.4081,57.7,76.24,68,36,11.5
336,Wadena,US,2021-10-08 10:10:51,46.4425,-95.1361,62.35,100,90,3.44
337,Tahta,EG,2021-10-08 10:10:51,26.7693,31.5021,88.0,25,0,12.73
338,Madimba,TZ,2021-10-08 10:10:52,-10.4,40.3333,85.78,50,64,16.84
339,Yatou,CN,2021-10-08 10:10:52,37.15,122.3833,64.0,83,100,6.53
340,Hirtshals,DK,2021-10-08 10:10:53,57.5881,9.9592,58.86,82,0,13.8
341,Sao Lourenco,BR,2021-10-08 10:09:50,-22.1164,-45.0544,60.39,86,99,3.27
342,Kununurra,AU,2021-10-08 10:08:18,-15.7667,128.7333,93.18,29,25,12.66
343,Udachnyy,RU,2021-10-08 10:10:53,66.4167,112.4,30.09,81,100,20.02
344,Luderitz,NA,2021-10-08 10:10:54,-26.6481,15.1594,68.61,50,0,12.28
345,Susurluk,TR,2021-10-08 10:10:54,39.9136,28.1578,70.29,35,8,4.9
346,Ustye,RU,2021-10-08 10:10:55,59.6304,39.736,49.42,58,100,10.02
347,Norman Wells,CA,2021-10-08 10:10:55,65.282,-126.8329,26.64,100,90,3.44
348,Tuatapere,NZ,2021-10-08 10:10:56,-46.1333,167.6833,50.83,97,54,1.5
349,Yagodnoye,RU,2021-10-08 10:10:56,62.55,149.6667,9.59,91,64,4.88
350,Podgorica,ME,2021-10-08 10:10:57,42.4411,19.2636,68.5,53,98,4.34
351,Vincennes,FR,2021-10-08 10:10:57,48.85,2.4333,61.65,75,0,4.0
352,Namatanai,PG,2021-10-08 10:10:58,-3.6667,152.4333,79.41,84,81,5.88
353,Qaqortoq,GL,2021-10-08 10:10:58,60.7167,-46.0333,35.82,50,12,6.02
354,Halifax,CA,2021-10-08 10:10:58,44.6453,-63.5724,55.53,90,26,1.99
355,Verkhnevilyuysk,RU,2021-10-08 10:10:59,63.4453,120.3167,28.44,80,79,3.89
356,Shimanovsk,RU,2021-10-08 10:10:59,52.0,127.7,40.23,60,64,5.32
357,Ilhabela,BR,2021-10-08 10:11:00,-23.7781,-45.3581,64.9,87,100,5.88
358,Ribeira Grande,PT,2021-10-08 10:11:00,38.5167,-28.7,70.2,64,20,0.0
359,Kyren,RU,2021-10-08 10:11:01,51.6828,102.1408,36.43,90,82,2.1
360,Valenca Do Piaui,BR,2021-10-08 10:11:01,-6.4075,-41.7456,80.58,47,98,5.55
361,Ostrovnoy,RU,2021-10-08 10:11:02,68.0531,39.5131,38.44,85,49,28.16
362,Camana,PE,2021-10-08 10:11:02,-16.6228,-72.7111,62.47,89,98,8.93
363,Chalus,IR,2021-10-08 10:11:03,36.655,51.4204,60.39,80,100,4.09
364,Brae,GB,2021-10-08 10:11:03,60.3964,-1.353,55.31,88,98,6.67
365,Tame,CO,2021-10-08 10:11:03,6.461,-71.73,69.93,92,63,2.42
366,Gorontalo,ID,2021-10-08 10:11:04,0.5412,123.0595,79.11,86,98,2.15
367,Karratha,AU,2021-10-08 10:11:04,-20.7377,116.8463,79.25,47,0,15.39
368,Meulaboh,ID,2021-10-08 10:11:05,4.1363,96.1285,82.65,74,100,5.79
369,Fort-Shevchenko,KZ,2021-10-08 10:11:05,44.5086,50.263,53.29,36,0,14.99
370,Tadepallegudem,IN,2021-10-08 10:11:06,16.8333,81.5,93.54,61,23,3.4
371,Benevides,BR,2021-10-08 10:11:06,-1.3614,-48.2447,76.8,95,64,2.28
372,Kucura,RS,2021-10-08 10:11:07,45.5195,19.5838,55.42,57,100,10.38
373,Natal,BR,2021-10-08 10:11:07,-5.795,-35.2094,81.25,78,40,5.75
374,Krasnyy Chikoy,RU,2021-10-08 10:11:08,50.3643,108.7512,41.4,71,100,5.44
375,Ouango,CF,2021-10-08 10:11:09,4.3133,22.5552,93.79,42,50,2.42
376,Cabo San Lucas,MX,2021-10-08 10:10:01,22.8909,-109.9124,82.51,64,4,4.76
377,Portland,US,2021-10-08 10:06:47,45.5234,-122.6762,46.8,92,20,3.44
378,Petropavlovsk-Kamchatskiy,RU,2021-10-08 10:11:09,53.0452,158.6483,39.06,67,99,9.06
379,Humaita,BR,2021-10-08 10:11:10,-7.5061,-63.0208,72.09,99,100,2.53
380,Jumla,NP,2021-10-08 10:11:10,29.2747,82.1838,65.44,74,72,5.03
381,Tutoia,BR,2021-10-08 10:11:11,-2.7619,-42.2744,81.57,75,66,10.83
382,Qandala,SO,2021-10-08 10:11:11,11.472,49.8728,87.55,69,29,10.09
383,Itarema,BR,2021-10-08 10:09:52,-2.9248,-39.9167,79.83,79,100,12.17
384,Bintulu,MY,2021-10-08 10:11:12,3.1667,113.0333,81.81,81,97,4.47
385,Kjollefjord,NO,2021-10-08 10:11:12,70.9457,27.3465,41.05,60,75,12.66
386,Byron Bay,AU,2021-10-08 10:07:26,-28.65,153.6167,68.05,84,14,3.47
387,Muros,ES,2021-10-08 10:11:13,42.7762,-9.0603,74.23,73,5,2.71
388,Pedernales,DO,2021-10-08 10:11:13,18.0384,-71.744,79.79,72,0,1.99
389,Teguldet,RU,2021-10-08 10:11:14,57.3064,88.1667,40.21,95,100,10.09
390,Champerico,GT,2021-10-08 10:11:14,14.3,-91.9167,80.35,81,100,4.54
391,Souillac,MU,2021-10-08 10:11:15,-20.5167,57.5167,76.35,67,44,11.56
392,Kuching,MY,2021-10-08 10:11:04,1.55,110.3333,89.82,70,40,3.44
393,Antibes,FR,2021-10-08 10:11:15,43.5624,7.1278,70.84,48,75,6.91
394,Zhezkazgan,KZ,2021-10-08 10:11:16,47.8043,67.7144,51.46,29,0,15.12
395,Saint Pete Beach,US,2021-10-08 10:11:16,27.7253,-82.7412,80.02,86,68,4.72
396,Terrace,CA,2021-10-08 10:11:17,54.5163,-128.6035,41.43,100,100,1.28
397,Cam Ranh,VN,2021-10-08 10:11:17,11.9214,109.1591,85.96,74,40,5.75
398,Leshukonskoye,RU,2021-10-08 10:11:18,64.8989,45.7622,44.35,70,76,12.88
399,Pionerskiy,RU,2021-10-08 10:11:18,54.9508,20.2275,51.64,40,67,10.8
400,Richards Bay,ZA,2021-10-08 10:11:19,-28.783,32.0377,81.9,53,74,12.12
401,Amahai,ID,2021-10-08 10:11:19,-3.3333,128.9167,79.48,84,89,4.36
402,Quatre Cocos,MU,2021-10-08 10:11:20,-20.2078,57.7625,76.08,68,47,13.2
403,Lodja,CD,2021-10-08 10:11:20,-3.4833,23.4333,97.65,31,7,3.4
404,Jalu,LY,2021-10-08 10:11:21,29.0331,21.5482,85.95,19,0,5.01
405,Chiredzi,ZW,2021-10-08 10:11:21,-21.05,31.6667,86.58,35,94,9.04
406,West Bay,KY,2021-10-08 10:11:22,19.3667,-81.4167,82.99,84,89,1.99
407,Cervo,ES,2021-10-08 10:11:22,43.6702,-7.4101,64.99,68,8,11.34
408,Zalantun,CN,2021-10-08 10:11:22,48.0,122.7167,51.04,68,7,7.81
409,Gold Coast,AU,2021-10-08 10:11:23,-28.0,153.4333,70.0,87,8,1.01
410,Hofn,IS,2021-10-08 10:11:23,64.2539,-15.2082,50.02,81,20,5.75
411,Port Hedland,AU,2021-10-08 10:11:24,-20.3167,118.5667,80.65,65,0,14.97
412,Alekseyevsk,RU,2021-10-08 10:11:24,57.8406,108.3492,35.98,97,100,8.23
413,Troutdale,US,2021-10-08 10:11:25,45.5393,-122.3873,46.62,94,1,1.01
414,Tiksi,RU,2021-10-08 10:11:25,71.6872,128.8694,17.06,89,54,20.09
415,Synya,RU,2021-10-08 10:11:26,65.3718,58.0387,39.09,96,100,12.37
416,Altay,CN,2021-10-08 10:11:26,47.8667,88.1167,34.12,49,92,1.48
417,College,US,2021-10-08 10:09:38,64.8569,-147.8028,36.59,97,90,8.05
418,Tautira,PF,2021-10-08 10:11:27,-17.7333,-149.15,75.22,78,29,4.97
419,Calama,CL,2021-10-08 10:11:27,-22.4667,-68.9333,52.14,35,21,9.04
420,Anadyr,RU,2021-10-08 10:11:28,64.75,177.4833,32.0,96,100,13.0
421,Diu,IN,2021-10-08 10:11:28,20.7141,70.9822,88.74,64,100,5.97
422,Kerema,PG,2021-10-08 10:11:29,-7.9631,145.7785,80.02,89,49,8.57
423,Russell,US,2021-10-08 10:11:29,32.3502,-85.1999,72.0,91,90,3.44
424,Port-Gentil,GA,2021-10-08 10:11:30,-0.7193,8.7815,78.91,79,100,5.73
425,Isangel,VU,2021-10-08 10:11:30,-19.55,169.2667,71.13,78,2,11.72
426,Vila Velha,BR,2021-10-08 10:11:31,-20.3297,-40.2925,69.75,83,90,9.22
427,Siniscola,IT,2021-10-08 10:11:31,40.5719,9.6922,67.55,74,96,14.81
428,Centralia,US,2021-10-08 10:11:32,46.7162,-122.9543,43.18,97,90,0.0
429,Bulnes,CL,2021-10-08 10:11:32,-36.7423,-72.2985,50.76,91,0,7.05
430,Boulder,US,2021-10-08 10:09:23,40.0833,-105.3505,56.34,52,1,1.01
431,Vanimo,PG,2021-10-08 10:11:32,-2.6741,141.3028,81.37,86,63,9.53
432,Kimbe,PG,2021-10-08 10:11:33,-5.5502,150.1429,77.99,88,70,4.12
433,Najran,SA,2021-10-08 10:11:33,17.4924,44.1277,85.14,37,57,12.1
434,Spokane,US,2021-10-08 10:08:44,47.6166,-117.3677,39.29,83,1,1.01
435,Shahr-E Kord,IR,2021-10-08 10:11:34,32.3256,50.8644,79.36,5,0,13.18
436,Lasa,IT,2021-10-08 10:11:34,46.6166,10.7002,58.69,63,89,2.21
437,Los Llanos De Aridane,ES,2021-10-08 10:11:35,28.6585,-17.9182,71.35,87,75,12.66
438,Brattleboro,US,2021-10-08 10:11:35,42.8509,-72.5579,58.21,96,3,3.74
439,Nioro,GM,2021-10-08 10:11:35,13.35,-15.75,86.63,63,90,3.62
440,Westport,US,2021-10-08 10:09:54,41.1415,-73.3579,63.18,95,1,1.99
441,Kuopio,FI,2021-10-08 10:11:36,62.8924,27.677,49.95,87,40,8.05
442,Mokhsogollokh,RU,2021-10-08 10:11:36,61.4681,128.9203,29.75,88,87,6.26
443,Vardo,NO,2021-10-08 10:11:37,70.3705,31.1107,41.2,75,40,14.97
444,Mujiayingzi,CN,2021-10-08 10:11:37,42.1167,118.7833,56.61,55,90,6.29
445,Bayan,CN,2021-10-08 10:11:38,46.0833,127.4,51.53,50,68,5.5
446,Evensk,RU,2021-10-08 10:11:38,61.95,159.2333,25.7,58,67,5.73
447,Haslett,US,2021-10-08 10:11:38,42.747,-84.4011,66.67,97,90,4.61
448,La Macarena,CO,2021-10-08 10:11:39,2.1837,-73.7849,69.62,99,87,0.83
449,Tilichiki,RU,2021-10-08 10:11:39,60.4667,166.1,26.78,63,27,4.94
450,Komotini,GR,2021-10-08 10:11:40,41.1228,25.3964,63.95,64,100,15.66
451,Lakhipur,IN,2021-10-08 10:11:40,26.0299,90.3041,87.06,71,2,2.68
452,Moyale,KE,2021-10-08 10:11:41,3.5167,39.0584,83.62,36,47,13.65
453,Saint Anthony,US,2021-10-08 10:11:41,45.0205,-93.218,64.92,91,90,0.0
454,Dikson,RU,2021-10-08 10:11:41,73.5069,80.5464,28.8,74,100,18.01
455,Salmas,IR,2021-10-08 10:11:42,38.1973,44.7653,59.47,39,1,4.94
456,Leningradskiy,RU,2021-10-08 10:11:42,69.3833,178.4167,25.36,97,100,3.47
457,Urengoy,RU,2021-10-08 10:11:43,65.9667,78.3667,42.37,94,100,15.61
458,Balikpapan,ID,2021-10-08 10:11:43,-1.2675,116.8289,81.59,89,20,6.91
459,Sokoni,TZ,2021-10-08 10:11:43,-6.4333,39.55,80.28,73,40,16.82
460,Okhotsk,RU,2021-10-08 10:11:44,59.3833,143.3,31.86,75,6,2.35
461,Narragansett,US,2021-10-08 10:11:45,41.4501,-71.4495,60.82,84,90,4.61
462,Ryotsu,JP,2021-10-08 10:11:45,38.0833,138.4333,68.59,84,94,11.48
463,Mackay,AU,2021-10-08 10:11:45,-21.15,149.2,72.05,71,1,8.19
464,Valparaiso,CL,2021-10-08 10:09:36,-33.0393,-71.6273,56.48,67,90,6.91
465,San Juan,AR,2021-10-08 10:10:02,-31.5375,-68.5364,60.12,33,93,3.44
466,Mahon,ES,2021-10-08 10:11:46,39.8885,4.2658,68.56,64,40,17.27
467,Samarai,PG,2021-10-08 10:11:47,-10.6167,150.6667,80.19,85,93,15.12
468,Okha,RU,2021-10-08 10:11:47,53.5739,142.9478,41.13,69,57,14.38
469,Okato,NZ,2021-10-08 10:11:47,-39.2,173.8833,51.69,94,32,6.51
470,George Town,MY,2021-10-08 10:10:18,5.4112,100.3354,87.73,79,20,3.44
471,Yanam,IN,2021-10-08 10:11:48,16.7333,82.2167,93.6,68,51,5.39
472,Upington,ZA,2021-10-08 10:11:49,-28.4478,21.2561,80.98,11,0,4.61
473,Palmerston,AU,2021-10-08 10:11:49,-12.486,130.9833,87.78,61,0,10.36
474,Pirgos,GR,2021-10-08 10:11:50,35.1167,25.7178,85.68,66,0,10.29
475,Maarianhamina,AX,2021-10-08 10:11:50,60.0973,19.9348,51.66,100,90,12.66
476,Ndungu,TZ,2021-10-08 10:11:51,-4.3667,38.05,88.14,40,57,4.5
477,Severo-Yeniseyskiy,RU,2021-10-08 10:11:51,60.3725,93.0408,34.36,97,100,9.53
478,Lavrentiya,RU,2021-10-08 10:11:52,65.5833,-171.0,34.21,91,100,18.1
479,Wheeling,US,2021-10-08 10:11:52,42.1392,-87.929,64.27,94,90,0.0
480,Sabang,ID,2021-10-08 10:11:53,5.8933,95.3214,82.76,79,96,25.26
481,Whitianga,NZ,2021-10-08 10:11:53,-36.8333,175.7,57.02,90,6,7.4
482,Suntar,RU,2021-10-08 10:11:54,62.1444,117.6319,35.51,97,100,6.13
483,Santa Maria,BR,2021-10-08 10:11:54,-29.6842,-53.8069,49.37,91,73,7.29
484,Kurilsk,RU,2021-10-08 10:11:55,45.2333,147.8833,51.4,84,11,9.78
485,Chuy,UY,2021-10-08 10:11:55,-33.6971,-53.4616,47.97,76,0,4.27
486,Sechura,PE,2021-10-08 10:11:56,-5.5569,-80.8222,64.69,82,99,13.11
487,Korla,CN,2021-10-08 10:11:56,41.7597,86.1469,52.56,31,34,4.94
488,Flinders,AU,2021-10-08 10:11:56,-34.5833,150.8552,64.2,74,89,9.98
489,Shingu,JP,2021-10-08 10:11:57,33.7333,135.9833,70.21,79,2,3.83
490,Puerto Cabezas,NI,2021-10-08 10:11:57,14.0351,-83.3888,77.22,89,100,7.63
491,Kushima,JP,2021-10-08 10:11:58,31.4583,131.2333,75.18,73,64,7.65
492,Rewa,IN,2021-10-08 10:11:58,24.5333,81.3,91.87,30,4,7.94
493,Oyek,RU,2021-10-08 10:11:58,52.5861,104.4556,43.18,59,99,5.17
494,Vacaria,BR,2021-10-08 10:07:45,-28.5122,-50.9339,49.71,91,100,8.7
495,Porto Novo,BJ,2021-10-08 10:11:59,6.4965,2.6036,86.7,63,80,5.64
496,Biak,ID,2021-10-08 10:12:00,-0.9131,122.8766,78.48,82,100,6.08
497,Gbarnga,LR,2021-10-08 10:12:00,6.9956,-9.4722,79.97,78,88,3.13
498,Carauari,BR,2021-10-08 10:12:01,-4.8828,-66.8958,72.72,98,100,2.3
499,Tupiza,BO,2021-10-08 10:12:01,-21.45,-65.7167,53.31,66,8,0.43
500,Kandrian,PG,2021-10-08 10:12:02,-6.2167,149.55,79.38,86,63,8.05
501,Hammerfest,NO,2021-10-08 10:12:03,70.6634,23.6821,38.93,87,75,3.44
502,Igarka,RU,2021-10-08 10:12:03,67.4667,86.5833,39.51,84,100,7.09
503,Bima,ID,2021-10-08 10:12:03,-8.4667,118.7167,82.29,69,20,4.52
504,Saint-Augustin,CA,2021-10-08 10:12:04,51.226,-58.6502,38.59,73,68,17.47
505,La Ronge,CA,2021-10-08 10:12:04,55.1001,-105.2842,40.39,58,0,7.14
506,Mareeba,AU,2021-10-08 10:12:05,-17.0,145.4333,71.47,88,2,6.31
507,Morondava,MG,2021-10-08 10:12:05,-20.2833,44.2833,82.47,53,0,15.64
508,Havre-Saint-Pierre,CA,2021-10-08 10:11:32,50.2334,-63.5986,39.4,71,2,13.73
509,Smithers,CA,2021-10-08 10:08:58,54.7804,-127.1743,37.72,93,90,4.61
510,Takaka,NZ,2021-10-08 10:12:06,-40.85,172.8,59.97,90,76,6.29
511,Ljungby,SE,2021-10-08 10:12:07,56.8332,13.9408,55.81,72,63,3.89
512,Culpeper,US,2021-10-08 10:12:07,38.5004,-77.9664,63.41,95,90,0.0
513,Yerofey Pavlovich,RU,2021-10-08 10:12:07,53.9667,121.9667,35.85,63,98,2.21
514,Sumoto,JP,2021-10-08 10:12:08,34.35,134.9,75.24,84,1,9.06
515,Lumphat,KH,2021-10-08 10:12:08,13.4878,106.9816,76.39,97,100,3.69
516,Puerto Asis,CO,2021-10-08 10:12:09,0.5133,-76.5007,67.86,98,95,0.94
517,Sisimiut,GL,2021-10-08 10:12:09,66.9395,-53.6735,27.0,64,8,6.58
518,Ballina,AU,2021-10-08 10:12:10,-28.8667,153.5667,64.78,82,16,4.45
519,Sinnamary,GF,2021-10-08 10:12:10,5.3833,-52.95,81.45,74,100,9.69
520,Pitimbu,BR,2021-10-08 10:12:11,-7.4706,-34.8086,81.19,75,100,8.01
521,Luoyang,CN,2021-10-08 10:12:11,34.6836,112.4536,56.43,85,100,7.23
522,Krutinka,RU,2021-10-08 10:12:12,56.0055,71.5113,55.18,46,9,12.73
523,Bembereke,BJ,2021-10-08 10:12:12,10.2283,2.6634,85.46,59,87,3.71
524,Smederevo,RS,2021-10-08 10:12:13,44.6628,20.93,55.08,62,100,21.07
525,Kindia,GN,2021-10-08 10:12:13,10.0569,-12.8658,80.76,73,78,2.04
526,Seymchan,RU,2021-10-08 10:12:14,62.8833,152.4333,22.37,73,21,4.65
527,Hearst,CA,2021-10-08 10:12:14,49.6835,-83.6665,53.33,96,19,3.4
528,Camacupa,AO,2021-10-08 10:12:15,-12.0167,17.4833,87.85,26,13,6.49
529,General Pico,AR,2021-10-08 10:12:15,-35.6566,-63.7568,42.12,71,20,7.63
530,Soyo,AO,2021-10-08 10:12:16,-6.1349,12.3689,81.59,70,99,7.23
531,Pathein,MM,2021-10-08 10:12:16,16.7833,94.7333,85.28,76,43,8.41
532,Hoi An,VN,2021-10-08 10:11:07,15.8794,108.335,80.56,84,100,11.3
533,Suileng,CN,2021-10-08 10:12:17,47.25,127.0833,50.31,55,45,7.92
534,Mount Isa,AU,2021-10-08 10:12:17,-20.7333,139.5,94.77,14,71,6.91
535,Bani Walid,LY,2021-10-08 10:12:18,31.7566,13.9942,78.51,42,0,2.24
536,Vestmannaeyjar,IS,2021-10-08 10:12:18,63.4427,-20.2734,49.8,85,46,19.8
537,Ilanskiy,RU,2021-10-08 10:12:19,56.2358,96.065,35.82,97,100,14.47
538,Hokitika,NZ,2021-10-08 10:12:19,-42.7167,170.9667,51.48,86,37,2.17
539,Port Augusta,AU,2021-10-08 10:12:20,-32.5,137.7667,64.54,24,5,5.03
540,Saint-Francois,FR,2021-10-08 10:12:20,46.4154,3.9054,59.68,79,90,0.0
541,Tunja,CO,2021-10-08 10:10:52,5.5353,-73.3678,48.24,94,100,1.68
542,Yingkou,CN,2021-10-08 10:12:21,40.6648,122.2283,60.91,66,6,3.02
543,Teguise,ES,2021-10-08 10:12:21,29.0605,-13.564,71.82,64,20,12.66
544,Bulungu,CD,2021-10-08 10:12:22,-4.55,18.6,92.5,44,35,4.21
545,Grindavik,IS,2021-10-08 10:12:13,63.8424,-22.4338,48.67,87,75,23.02
546,Bowen,AU,2021-10-08 10:12:22,-20.0167,148.2333,74.1,71,0,12.97
547,Pangody,RU,2021-10-08 10:12:23,65.85,74.4859,42.17,92,100,19.01
548,Broken Hill,AU,2021-10-08 10:12:23,-31.95,141.4333,68.68,25,0,7.09
549,Puerto Escondido,MX,2021-10-08 10:12:24,15.85,-97.0667,78.37,82,97,3.71
550,Mikumi,TZ,2021-10-08 10:12:24,-7.4041,36.9831,88.54,39,71,6.42
551,Katsuura,JP,2021-10-08 10:12:25,35.1333,140.3,78.19,83,32,10.29
552,Walvis Bay,NA,2021-10-08 10:12:25,-22.9575,14.5053,61.09,48,1,12.84
553,Bismarck,US,2021-10-08 10:12:25,46.8083,-100.7837,54.86,92,1,3.44
554,Goderich,CA,2021-10-08 10:12:26,43.7501,-81.7165,64.9,98,100,6.76
555,Andenes,NO,2021-10-08 10:12:26,69.3143,16.1194,42.08,56,0,12.66
556,Bandar,ID,2021-10-08 10:12:27,2.05,99.75,88.25,64,94,1.59
557,Anaconda,US,2021-10-08 10:12:27,46.1285,-112.9423,40.77,90,100,1.9
558,Teahupoo,PF,2021-10-08 10:12:28,-17.8333,-149.2667,69.76,79,33,5.21
559,Maldonado,UY,2021-10-08 10:12:28,-34.6667,-54.9167,45.23,83,0,1.95
560,Bonthe,SL,2021-10-08 10:12:29,7.5264,-12.505,84.04,71,64,4.18
561,Trairi,BR,2021-10-08 10:08:33,-3.2778,-39.2689,80.01,77,100,10.58
562,Elat,IL,2021-10-08 10:12:29,29.5581,34.9482,87.66,33,0,7.49
563,Omsukchan,RU,2021-10-08 10:12:30,62.5333,155.8,5.4,95,49,4.0
564,Yulara,AU,2021-10-08 10:12:30,-25.2406,130.9889,85.84,16,0,5.75
565,Bay Roberts,CA,2021-10-08 10:12:30,47.5999,-53.2648,44.33,89,100,1.01
566,Fez,MA,2021-10-08 10:12:31,34.0372,-4.9998,75.45,38,0,5.75
567,Sambava,MG,2021-10-08 10:12:31,-14.2667,50.1667,76.44,74,94,12.55
568,Suleja,NG,2021-10-08 10:12:32,9.1758,7.1808,85.1,65,76,2.28
569,Kuytun,RU,2021-10-08 10:12:33,54.3419,101.5036,37.85,76,99,9.8
570,Henties Bay,NA,2021-10-08 10:12:33,-22.116,14.2845,60.85,66,0,12.64
571,Bagdarin,RU,2021-10-08 10:12:33,54.4333,113.6,32.32,60,72,3.51
572,Muli,MV,2021-10-08 10:12:34,2.9167,73.5667,83.8,72,84,15.03
573,Bollnas,SE,2021-10-08 10:12:35,61.3482,16.3946,56.39,84,100,11.03
574,Salinas,US,2021-10-08 10:12:35,36.6777,-121.6555,56.5,77,91,3.15
575,Adrar,MR,2021-10-08 10:12:36,20.5022,-10.0711,93.9,7,44,12.08
576,Buala,SB,2021-10-08 10:12:36,-8.145,159.5921,80.8,84,99,11.7
577,Chicama,PE,2021-10-08 10:12:36,-7.8447,-79.1469,62.8,90,100,4.83
578,Minas,UY,2021-10-08 10:12:37,-34.3759,-55.2377,44.53,83,0,3.29
